1, 9780060194994, To Kill a Mockingbird, 2,
2, 5000029999992, Bible, 3,
1, 9780060194994, To Kill a Mockingbird, 2,
2, 5000029999992, Bible, 3,
1, 9780060194994, To Kill a Mockingbird, 2,
2, 5000029999992, Bible, 3,
1, 9780060194994, To Kill a Mockingbird, 2,
2, 5000029999992, Bible, 3,
1, 9780060194994, To Kill a Mockingbird, 2,
2, 5000029999992, Bible, 3,
1, 9780060194994, To Kill a Mockingbird, 2,
2, 5000029999992, Bible, 3,
1, 9780060194994, To Kill a Mockingbird, 2,
2, 5000029999992, Bible, 3,
